airline,date_of_journey,source,destination,dep_time,arrival_time,duration,total_stops,additional_info,price
Jet Airways,2019-06-21,Banglore,Delhi,11:10:00,14:05:00,175,0.0,In-flight meal not included,5769
Indigo,2019-03-27,Chennai,Kolkata,14:40:00,17:05:00,145,0.0,No Info,3384
Indigo,2019-03-27,Delhi,Cochin,06:40:00,22:20:00,940,1.0,No Info,6442
Jet Airways,2019-05-18,Kolkata,Banglore,09:35:00,14:25:00,1730,1.0,No Info,13067
Multiple Carriers,2019-06-12,Delhi,Cochin,08:00:00,19:15:00,675,1.0,No Info,15058
Jet Airways,2019-05-21,Kolkata,Banglore,08:25:00,19:50:00,685,1.0,In-flight meal not included,10844
Jet Airways,2019-06-27,Delhi,Cochin,09:00:00,19:00:00,600,1.0,No Info,14714
Vistara,2019-06-09,Kolkata,Banglore,07:10:00,10:45:00,1655,1.0,No Info,9397
Jet Airways,2019-05-21,Delhi,Cochin,19:10:00,19:00:00,1430,2.0,No Info,15129
Indigo,2019-06-18,Banglore,Delhi,08:30:00,11:20:00,170,0.0,No Info,4823
Spicejet,2019-06-01,Mumbai,Hyderabad,22:45:00,00:15:00,90,0.0,No check-in baggage included,1965
Spicejet,2019-06-06,Kolkata,Banglore,09:00:00,11:25:00,145,0.0,No check-in baggage included,3841
Air Asia,2019-05-24,Banglore,Delhi,04:55:00,07:45:00,170,0.0,No Info,3383
Air India,2019-05-27,Delhi,Cochin,09:00:00,19:15:00,615,1.0,No Info,9929
Air India,2019-03-12,Banglore,New Delhi,11:50:00,08:55:00,1265,1.0,No Info,11707
Jet Airways,2019-03-12,Mumbai,Hyderabad,08:15:00,16:35:00,500,2.0,No Info,23843
Indigo,2019-06-15,Delhi,Cochin,06:50:00,12:10:00,320,1.0,No Info,5298
Air India,2019-05-09,Kolkata,Banglore,12:00:00,13:15:00,1515,1.0,No Info,6612
Jet Airways,2019-03-27,Delhi,Cochin,19:15:00,19:45:00,1470,1.0,In-flight meal not included,5963
Indigo,2019-03-01,Mumbai,Hyderabad,21:20:00,22:45:00,85,0.0,No Info,12475
Air India,2019-05-21,Delhi,Cochin,09:00:00,19:15:00,615,1.0,No Info,8372
Jet Airways,2019-03-21,Delhi,Cochin,10:45:00,18:50:00,1925,2.0,In-flight meal not included,9270
Multiple Carriers,2019-03-27,Delhi,Cochin,08:55:00,15:30:00,395,1.0,No Info,7845
Air India,2019-04-03,Delhi,Cochin,12:30:00,09:25:00,1255,1.0,No Info,5117
Multiple Carriers,2019-06-24,Delhi,Cochin,09:15:00,19:15:00,600,1.0,No Info,8099
Vistara,2019-03-24,Kolkata,Banglore,17:00:00,20:25:00,1645,1.0,No Info,12102
Jet Airways,2019-05-18,Delhi,Cochin,17:30:00,19:00:00,1530,1.0,In-flight meal not included,12373
Air India,2019-05-24,Mumbai,Hyderabad,21:05:00,22:25:00,80,0.0,No Info,3100
Air India,2019-05-24,Delhi,Cochin,07:00:00,19:15:00,735,1.0,No Info,9929
Indigo,2019-05-27,Delhi,Cochin,10:35:00,01:30:00,895,1.0,No Info,6104
Jet Airways,2019-06-06,Kolkata,Banglore,14:05:00,04:40:00,875,1.0,No Info,13059
Spicejet,2019-05-03,Chennai,Kolkata,17:45:00,20:05:00,140,0.0,No check-in baggage included,3543
Jet Airways,2019-06-15,Delhi,Cochin,05:30:00,04:25:00,1375,2.0,No Info,13014
Multiple Carriers,2019-03-21,Delhi,Cochin,10:20:00,18:50:00,510,1.0,No Info,11999
Air India,2019-03-21,Kolkata,Banglore,14:15:00,16:45:00,150,0.0,No Info,5170
Spicejet,2019-06-06,Banglore,Delhi,21:10:00,00:05:00,175,0.0,No check-in baggage included,3257
Multiple Carriers,2019-06-06,Delhi,Cochin,06:40:00,19:15:00,755,1.0,No Info,7354
Indigo,2019-06-01,Delhi,Cochin,04:55:00,21:00:00,965,1.0,No Info,6314
Indigo,2019-06-15,Kolkata,Banglore,17:15:00,19:50:00,155,0.0,No Info,4804
Air India,2019-03-24,Kolkata,Banglore,09:10:00,13:40:00,270,1.0,No Info,8026
Multiple Carriers,2019-03-21,Delhi,Cochin,07:00:00,18:50:00,710,1.0,No Info,12402
Indigo,2019-03-18,Mumbai,Hyderabad,21:20:00,22:45:00,85,0.0,No Info,2227
Jet Airways,2019-03-24,Kolkata,Banglore,08:25:00,16:20:00,475,1.0,In-flight meal not included,10031
Multiple Carriers,2019-06-01,Delhi,Cochin,14:55:00,22:30:00,455,1.0,No Info,7038
Jet Airways,2019-03-06,Delhi,Cochin,19:10:00,04:25:00,1995,2.0,No Info,20694
Jet Airways,2019-05-12,Kolkata,Banglore,16:30:00,18:15:00,1545,1.0,In-flight meal not included,10844
Jet Airways,2019-05-09,Kolkata,Banglore,17:00:00,18:00:00,1500,1.0,No Info,10624
Jet Airways,2019-06-09,Banglore,Delhi,06:00:00,08:45:00,165,0.0,No Info,8016
Multiple Carriers,2019-05-15,Delhi,Cochin,09:00:00,21:00:00,720,1.0,No Info,13727
Air India,2019-06-27,Kolkata,Banglore,14:15:00,16:45:00,150,0.0,No Info,5510
Vistara,2019-05-06,Banglore,Delhi,09:45:00,12:35:00,170,0.0,No Info,4668
Jet Airways,2019-05-01,Kolkata,Banglore,09:35:00,21:05:00,690,1.0,In-flight meal not included,12384
Goair,2019-04-12,Banglore,Delhi,20:55:00,23:40:00,165,0.0,No Info,6722
Goair,2019-06-18,Banglore,Delhi,07:45:00,10:40:00,175,0.0,No Info,3419
Spicejet,2019-05-21,Delhi,Cochin,08:45:00,13:15:00,270,1.0,No check-in baggage included,5158
Air India,2019-05-12,Kolkata,Banglore,09:50:00,21:05:00,675,1.0,No Info,8450
Air Asia,2019-05-09,Delhi,Cochin,07:55:00,13:25:00,330,1.0,No Info,6751
Air India,2019-03-03,Banglore,New Delhi,10:00:00,12:45:00,165,0.0,No Info,8588
Indigo,2019-04-09,Kolkata,Banglore,19:20:00,23:45:00,265,1.0,No Info,3574
Air India,2019-03-09,Delhi,Cochin,22:00:00,19:15:00,1275,2.0,No Info,16373
Jet Airways,2019-03-09,Delhi,Cochin,18:15:00,18:50:00,1475,1.0,In-flight meal not included,14053
Jet Airways,2019-05-01,Kolkata,Banglore,17:00:00,18:00:00,1500,1.0,No Info,11467
Air Asia,2019-05-09,Banglore,Delhi,11:10:00,13:55:00,165,0.0,No Info,3383
Jet Airways,2019-05-24,Kolkata,Banglore,09:35:00,23:35:00,840,1.0,No Info,14151
Multiple Carriers,2019-06-09,Delhi,Cochin,10:00:00,01:30:00,930,1.0,No Info,7198
Jet Airways,2019-05-24,Kolkata,Banglore,06:30:00,18:15:00,705,1.0,In-flight meal not included,10844
Air India,2019-05-12,Kolkata,Banglore,12:00:00,11:10:00,1390,2.0,No Info,10676
Air India,2019-05-27,Delhi,Cochin,17:20:00,09:25:00,965,1.0,No Info,7480
Indigo,2019-06-21,Banglore,Delhi,13:00:00,15:50:00,170,0.0,No Info,3943
Multiple Carriers,2019-05-27,Delhi,Cochin,08:00:00,19:00:00,660,1.0,No Info,10407
Jet Airways,2019-06-24,Delhi,Cochin,19:10:00,19:00:00,1430,2.0,No Info,12819
Jet Airways,2019-05-27,Delhi,Cochin,22:50:00,19:00:00,1210,1.0,In-flight meal not included,12898
Air India,2019-05-18,Delhi,Cochin,22:00:00,19:15:00,1275,2.0,No Info,11228
Indigo,2019-06-01,Kolkata,Banglore,14:25:00,16:55:00,150,0.0,No Info,6064
Jet Airways,2019-05-21,Kolkata,Banglore,14:05:00,04:40:00,875,1.0,No Info,14388
Jet Airways,2019-06-15,Delhi,Cochin,20:55:00,19:00:00,1325,1.0,In-flight meal not included,10262
Jet Airways,2019-06-21,Mumbai,Hyderabad,19:35:00,21:05:00,90,0.0,No Info,5678
Jet Airways,2019-05-18,Delhi,Cochin,19:10:00,19:00:00,1430,2.0,No Info,15129
Jet Airways,2019-05-21,Kolkata,Banglore,20:25:00,21:05:00,1480,1.0,No Info,14151
Jet Airways,2019-03-01,Mumbai,Hyderabad,10:20:00,11:50:00,90,0.0,No Info,10875
Goair,2019-04-21,Delhi,Cochin,05:55:00,13:35:00,460,1.0,No Info,6146
Jet Airways,2019-06-03,Delhi,Cochin,20:00:00,04:25:00,505,2.0,In-flight meal not included,15318
Jet Airways,2019-03-12,Banglore,New Delhi,05:45:00,21:20:00,935,1.0,No Info,13817
Jet Airways,2019-06-27,Delhi,Cochin,21:50:00,12:35:00,885,1.0,In-flight meal not included,10262
Jet Airways,2019-05-27,Delhi,Cochin,07:05:00,12:35:00,330,1.0,In-flight meal not included,12898
Jet Airways,2019-04-27,Banglore,Delhi,15:15:00,18:10:00,175,0.0,In-flight meal not included,4544
Spicejet,2019-04-18,Kolkata,Banglore,09:00:00,11:25:00,145,0.0,No Info,4174
Vistara,2019-03-24,Kolkata,Banglore,09:55:00,20:25:00,630,1.0,No Info,12312
Air India,2019-04-01,Kolkata,Banglore,09:10:00,13:15:00,245,1.0,No Info,5793
Indigo,2019-06-12,Delhi,Cochin,11:25:00,01:30:00,845,1.0,No Info,5883
Air India,2019-03-09,Banglore,New Delhi,10:30:00,11:20:00,1490,1.0,No Info,10321
Multiple Carriers,2019-05-24,Delhi,Cochin,19:00:00,01:30:00,390,1.0,No Info,8283
Air Asia,2019-03-24,Banglore,New Delhi,23:25:00,02:10:00,165,0.0,No Info,3383
Jet Airways,2019-05-24,Kolkata,Banglore,21:10:00,08:15:00,665,1.0,No Info,14178
Vistara,2019-06-27,Banglore,Delhi,17:00:00,19:35:00,155,0.0,No Info,4878
Air India,2019-05-01,Kolkata,Banglore,12:00:00,18:30:00,1830,2.0,No Info,10151
Jet Airways,2019-06-03,Delhi,Cochin,16:00:00,04:25:00,745,1.0,In-flight meal not included,10262
Jet Airways,2019-06-27,Delhi,Cochin,10:00:00,19:00:00,540,1.0,In-flight meal not included,10262
Jet Airways,2019-06-27,Delhi,Cochin,09:25:00,04:25:00,1140,2.0,No Info,13882
Jet Airways,2019-03-06,Banglore,New Delhi,20:35:00,09:30:00,775,1.0,No Info,17261
Jet Airways,2019-06-18,Mumbai,Hyderabad,19:35:00,21:05:00,90,0.0,No Info,5678
Jet Airways,2019-05-09,Delhi,Cochin,19:45:00,19:00:00,1395,1.0,No Info,15554
Jet Airways,2019-05-09,Kolkata,Banglore,14:05:00,22:35:00,510,1.0,In-flight meal not included,10844
Spicejet,2019-03-03,Banglore,New Delhi,10:20:00,18:15:00,475,1.0,No Info,11401
Spicejet,2019-03-21,Banglore,New Delhi,10:20:00,18:15:00,475,1.0,No Info,7139
Jet Airways,2019-05-21,Delhi,Cochin,08:00:00,19:00:00,660,1.0,In-flight meal not included,12898
Indigo,2019-06-15,Banglore,Delhi,23:30:00,02:20:00,170,0.0,No Info,4077
Indigo,2019-06-12,Kolkata,Banglore,04:40:00,07:15:00,155,0.0,No Info,4804
Jet Airways,2019-06-12,Kolkata,Banglore,08:25:00,20:45:00,740,1.0,In-flight meal not included,9899
Indigo,2019-06-15,Delhi,Cochin,05:05:00,12:10:00,425,1.0,No Info,6818
Indigo,2019-06-18,Mumbai,Hyderabad,02:35:00,04:05:00,90,0.0,No Info,2754
Jet Airways,2019-05-09,Delhi,Cochin,13:25:00,04:25:00,900,2.0,No Info,16704
Indigo,2019-05-06,Banglore,Delhi,13:00:00,15:50:00,170,0.0,No Info,3943
Multiple Carriers,2019-03-21,Delhi,Cochin,04:45:00,18:50:00,845,1.0,No Info,11098
Jet Airways,2019-06-27,Delhi,Cochin,19:15:00,12:35:00,1040,1.0,In-flight meal not included,10262
Indigo,2019-03-06,Delhi,Cochin,08:25:00,15:30:00,425,1.0,No Info,14871
Spicejet,2019-03-24,Banglore,New Delhi,09:35:00,12:30:00,175,0.0,No Info,6309
Indigo,2019-05-27,Mumbai,Hyderabad,21:20:00,22:50:00,90,0.0,No Info,2227
Jet Airways,2019-03-09,Delhi,Cochin,02:15:00,04:25:00,1570,1.0,In-flight meal not included,11848
Jet Airways,2019-06-12,Banglore,Delhi,06:00:00,08:45:00,165,0.0,In-flight meal not included,6478
Jet Airways,2019-04-01,Kolkata,Banglore,06:30:00,20:45:00,855,1.0,No Info,12681
Spicejet,2019-04-27,Kolkata,Banglore,22:20:00,00:40:00,140,0.0,No check-in baggage included,3841
Air Asia,2019-03-27,Delhi,Cochin,16:45:00,07:10:00,865,1.0,No Info,6151
Jet Airways,2019-05-18,Kolkata,Banglore,21:10:00,04:40:00,450,1.0,No Info,13941
Jet Airways,2019-05-24,Kolkata,Banglore,06:30:00,18:15:00,705,1.0,No Info,14571
Jet Airways,2019-05-03,Banglore,Delhi,08:20:00,11:20:00,180,0.0,No Info,7229
Jet Airways,2019-05-18,Delhi,Cochin,21:50:00,04:25:00,395,1.0,In-flight meal not included,12373
Indigo,2019-03-01,Kolkata,Banglore,22:10:00,00:55:00,165,0.0,No Info,4778
Air Asia,2019-05-12,Banglore,Delhi,23:55:00,02:45:00,170,0.0,No Info,4483
Jet Airways,2019-03-06,Delhi,Cochin,23:05:00,19:45:00,1240,1.0,No Info,17024
Vistara,2019-03-24,Banglore,New Delhi,16:00:00,18:35:00,155,0.0,No Info,5613
Multiple Carriers,2019-06-15,Delhi,Cochin,07:10:00,16:10:00,540,1.0,In-flight meal not included,6093
Spicejet,2019-05-21,Kolkata,Banglore,17:10:00,19:40:00,150,0.0,No check-in baggage included,3841
Spicejet,2019-05-15,Delhi,Cochin,08:45:00,13:15:00,270,1.0,No check-in baggage included,4760
Vistara,2019-05-06,Kolkata,Banglore,07:10:00,18:50:00,700,1.0,No Info,8610
Vistara,2019-03-12,Mumbai,Hyderabad,07:30:00,09:25:00,1555,1.0,No Info,12080
Jet Airways,2019-06-01,Mumbai,Hyderabad,19:35:00,21:05:00,90,0.0,In-flight meal not included,3210
Air India,2019-06-06,Kolkata,Banglore,10:00:00,05:25:00,1165,2.0,No Info,12009
Jet Airways,2019-03-18,Banglore,New Delhi,14:05:00,19:10:00,305,1.0,In-flight meal not included,13502
Jet Airways,2019-06-01,Delhi,Cochin,18:15:00,04:25:00,610,1.0,In-flight meal not included,10262
Jet Airways,2019-05-06,Kolkata,Banglore,21:10:00,08:15:00,665,1.0,No Info,13584
Air Asia,2019-06-03,Delhi,Cochin,07:55:00,15:45:00,470,1.0,No Info,8759
Multiple Carriers,2019-06-12,Delhi,Cochin,11:40:00,21:00:00,560,1.0,No Info,7005
Multiple Carriers,2019-03-27,Delhi,Cochin,08:55:00,19:15:00,620,1.0,No Info,8371
Air India,2019-06-24,Delhi,Cochin,12:55:00,19:15:00,1820,2.0,No Info,12436
Indigo,2019-03-09,Delhi,Cochin,08:35:00,21:20:00,765,2.0,No Info,8146
Jet Airways,2019-05-12,Delhi,Cochin,11:00:00,14:15:00,195,0.0,In-flight meal not included,7202
Air India,2019-06-27,Delhi,Cochin,05:15:00,06:50:00,1535,1.0,No Info,6587
Indigo,2019-05-24,Kolkata,Banglore,19:35:00,23:15:00,220,1.0,No Info,4226
Jet Airways,2019-05-01,Kolkata,Banglore,20:00:00,08:15:00,735,1.0,No Info,13941
Jet Airways,2019-03-21,Delhi,Cochin,13:00:00,04:25:00,925,1.0,In-flight meal not included,7438
Jet Airways,2019-06-24,Delhi,Cochin,22:50:00,04:25:00,335,1.0,No Info,14714
Multiple Carriers,2019-06-27,Delhi,Cochin,13:15:00,22:30:00,555,1.0,No Info,8018
Multiple Carriers,2019-06-15,Delhi,Cochin,10:00:00,01:30:00,930,1.0,No Info,8510
Air India,2019-06-15,Banglore,Delhi,17:00:00,19:45:00,165,0.0,No Info,7171
Indigo,2019-06-09,Kolkata,Banglore,15:15:00,20:30:00,315,1.0,No Info,5380
Air India,2019-03-12,Mumbai,Hyderabad,09:40:00,15:15:00,1775,3.0,No Info,18293
Vistara,2019-05-24,Kolkata,Banglore,07:10:00,18:50:00,700,1.0,No Info,9555
Jet Airways,2019-06-06,Kolkata,Banglore,08:25:00,04:40:00,1215,1.0,No Info,13731
Jet Airways,2019-05-06,Kolkata,Banglore,14:05:00,19:50:00,345,1.0,In-flight meal not included,10844
Vistara,2019-05-21,Kolkata,Banglore,20:20:00,09:05:00,765,1.0,No Info,8452
Jet Airways,2019-05-01,Mumbai,Hyderabad,02:55:00,04:20:00,85,0.0,No Info,5678
Indigo,2019-06-06,Delhi,Cochin,09:15:00,21:00:00,705,1.0,No Info,6838
Jet Airways,2019-05-09,Kolkata,Banglore,20:00:00,04:40:00,520,1.0,No Info,13941
Jet Airways,2019-05-06,Banglore,Delhi,07:10:00,10:10:00,180,0.0,No Info,7229
Air India,2019-03-12,Mumbai,Hyderabad,05:30:00,14:50:00,560,2.0,No Info,11342
Multiple Carriers,2019-05-18,Delhi,Cochin,10:35:00,19:00:00,505,1.0,No Info,9627
Air India,2019-03-09,Banglore,New Delhi,17:00:00,19:50:00,170,0.0,No Info,9481
Jet Airways,2019-06-09,Delhi,Cochin,14:00:00,04:25:00,865,1.0,In-flight meal not included,10262
Vistara,2019-04-01,Kolkata,Banglore,17:00:00,20:20:00,1640,1.0,No Info,9135
Air India,2019-05-01,Kolkata,Banglore,14:15:00,16:45:00,150,0.0,No Info,6245
Indigo,2019-04-03,Banglore,Delhi,06:05:00,08:50:00,165,0.0,No Info,4077
Multiple Carriers,2019-06-06,Delhi,Cochin,08:00:00,19:00:00,660,1.0,No Info,12192
Air India,2019-05-15,Kolkata,Banglore,10:00:00,05:25:00,1165,2.0,No Info,14424
Indigo,2019-06-06,Kolkata,Banglore,22:15:00,00:50:00,155,0.0,No Info,4804
Jet Airways,2019-06-12,Delhi,Cochin,20:55:00,04:25:00,450,1.0,No Info,14714
Indigo,2019-03-03,Delhi,Cochin,07:20:00,12:30:00,310,1.0,No Info,12214
Spicejet,2019-06-03,Delhi,Cochin,17:55:00,22:50:00,295,1.0,No Info,5409
Jet Airways,2019-06-27,Delhi,Cochin,07:05:00,12:35:00,330,1.0,No Info,14714
Jet Airways,2019-05-09,Banglore,Delhi,06:00:00,08:45:00,165,0.0,In-flight meal not included,4030
Air India,2019-05-01,Kolkata,Banglore,16:50:00,13:45:00,1255,2.0,No Info,16372
Indigo,2019-06-21,Chennai,Kolkata,05:15:00,07:40:00,145,0.0,No Info,3540
Indigo,2019-05-06,Delhi,Cochin,14:20:00,22:30:00,490,1.0,No Info,7054
Jet Airways,2019-05-18,Kolkata,Banglore,18:55:00,23:35:00,1720,1.0,In-flight meal not included,10844
Indigo,2019-06-18,Delhi,Cochin,05:35:00,08:50:00,195,0.0,No Info,5000
Vistara,2019-05-06,Kolkata,Banglore,07:10:00,22:40:00,930,1.0,No Info,8452
Air India,2019-03-06,Delhi,Cochin,05:10:00,08:00:00,170,0.0,No Info,6881
Jet Airways,2019-06-09,Kolkata,Banglore,16:30:00,22:35:00,365,1.0,In-flight meal not included,10844
Indigo,2019-03-09,Delhi,Cochin,02:35:00,08:30:00,355,1.0,No Info,11532
Jet Airways,2019-05-06,Kolkata,Banglore,06:30:00,08:15:00,1545,1.0,No Info,13941
Spicejet,2019-06-24,Mumbai,Hyderabad,13:15:00,14:45:00,90,0.0,No Info,2017
Air India,2019-06-24,Delhi,Cochin,18:45:00,19:15:00,1470,2.0,No Info,11732
Jet Airways,2019-03-24,Kolkata,Banglore,08:25:00,16:20:00,475,1.0,No Info,13759
Jet Airways,2019-05-18,Delhi,Cochin,19:15:00,19:00:00,1425,1.0,No Info,15554
Jet Airways,2019-03-24,Kolkata,Banglore,06:30:00,23:25:00,1015,1.0,In-flight meal not included,8824
Air India,2019-05-18,Delhi,Cochin,19:45:00,19:15:00,1410,2.0,No Info,10651
Spicejet,2019-03-21,Delhi,Cochin,16:35:00,22:50:00,375,1.0,No Info,4957
Indigo,2019-05-21,Mumbai,Hyderabad,16:55:00,18:25:00,90,0.0,No Info,3175
Goair,2019-03-24,Banglore,New Delhi,07:45:00,10:40:00,175,0.0,No Info,5048
Jet Airways,2019-06-18,Banglore,Delhi,08:20:00,11:20:00,180,0.0,No Info,8016
Air India,2019-03-15,Kolkata,Banglore,20:45:00,23:20:00,155,0.0,No Info,4435
Jet Airways,2019-06-09,Delhi,Cochin,09:25:00,04:25:00,1140,2.0,No Info,13882
Air India,2019-04-01,Kolkata,Banglore,14:15:00,16:45:00,150,0.0,No Info,6245
Jet Airways,2019-05-15,Banglore,Delhi,15:15:00,18:10:00,175,0.0,In-flight meal not included,3502
Vistara,2019-04-24,Banglore,Delhi,17:00:00,19:35:00,155,0.0,No Info,5613
Jet Airways,2019-05-01,Kolkata,Banglore,17:00:00,21:05:00,1685,1.0,No Info,12121
Air India,2019-05-21,Kolkata,Banglore,05:50:00,20:25:00,875,2.0,No Info,12303
Multiple Carriers,2019-06-12,Delhi,Cochin,17:50:00,01:30:00,460,2.0,No Info,18275
Vistara,2019-05-01,Kolkata,Banglore,07:10:00,18:50:00,700,1.0,No Info,9345
Air India,2019-06-09,Mumbai,Hyderabad,21:05:00,22:25:00,80,0.0,No Info,3100
Air India,2019-06-06,Kolkata,Banglore,08:20:00,21:50:00,810,2.0,No Info,10697
Spicejet,2019-06-06,Mumbai,Hyderabad,13:15:00,14:45:00,90,0.0,No Info,2017
Jet Airways,2019-05-12,Kolkata,Banglore,10:20:00,17:35:00,435,1.0,In-flight meal not included,7064
Jet Airways,2019-05-01,Kolkata,Banglore,09:35:00,14:25:00,1730,1.0,No Info,11467
Multiple Carriers,2019-05-21,Delhi,Cochin,11:40:00,21:00:00,560,1.0,No Info,7485
Jet Airways,2019-03-12,Banglore,New Delhi,22:55:00,11:25:00,750,1.0,In-flight meal not included,11087
Indigo,2019-06-12,Delhi,Cochin,17:30:00,01:30:00,480,1.0,No Info,6104
Air India,2019-03-09,Banglore,New Delhi,13:20:00,16:10:00,170,0.0,No Info,8851
Air India,2019-04-21,Banglore,Delhi,17:00:00,19:45:00,165,0.0,No Info,5438
Jet Airways,2019-06-09,Kolkata,Banglore,21:10:00,23:35:00,1585,1.0,In-flight meal not included,10844
Indigo,2019-06-09,Chennai,Kolkata,14:45:00,17:05:00,140,0.0,No Info,3597
Indigo,2019-05-12,Chennai,Kolkata,13:15:00,15:35:00,140,0.0,No Info,3597
Multiple Carriers,2019-06-09,Delhi,Cochin,11:35:00,21:00:00,565,3.0,No Info,15629
Air India,2019-05-24,Kolkata,Banglore,07:00:00,01:20:00,1100,2.0,No Info,13873
Air India,2019-04-01,Kolkata,Banglore,16:45:00,12:00:00,1155,2.0,No Info,9920
Vistara,2019-04-01,Kolkata,Banglore,17:00:00,09:05:00,965,1.0,No Info,8662
Air India,2019-03-27,Delhi,Cochin,17:15:00,09:25:00,970,2.0,No Info,6057
Jet Airways,2019-05-12,Kolkata,Banglore,20:00:00,10:05:00,845,1.0,No Info,13941
Vistara,2019-05-21,Kolkata,Banglore,07:10:00,18:50:00,700,1.0,No Info,9345
Indigo,2019-06-15,Delhi,Cochin,17:30:00,01:30:00,480,1.0,No Info,5883
Goair,2019-05-03,Banglore,Delhi,20:55:00,23:40:00,165,0.0,No Info,4239
Air India,2019-05-06,Kolkata,Banglore,20:30:00,08:55:00,745,1.0,No Info,10203
Indigo,2019-06-03,Delhi,Cochin,17:05:00,22:25:00,320,1.0,No Info,6493
Jet Airways,2019-06-12,Delhi,Cochin,09:25:00,12:35:00,1630,2.0,No Info,13882
Multiple Carriers,2019-06-09,Delhi,Cochin,13:00:00,01:30:00,750,1.0,No Info,7198
Jet Airways,2019-05-15,Kolkata,Banglore,21:10:00,04:40:00,450,1.0,In-flight meal not included,9663
Multiple Carriers,2019-05-01,Delhi,Cochin,09:00:00,19:15:00,615,1.0,No Info,15373
Spicejet,2019-04-24,Kolkata,Banglore,06:55:00,09:30:00,155,0.0,No check-in baggage included,3841
Jet Airways,2019-05-18,Delhi,Cochin,13:25:00,19:00:00,1775,2.0,No Info,16704
Multiple Carriers,2019-06-01,Delhi,Cochin,07:05:00,19:15:00,730,1.0,In-flight meal not included,12927
Jet Airways,2019-05-09,Kolkata,Banglore,20:00:00,18:15:00,1335,1.0,In-flight meal not included,7757
Indigo,2019-05-09,Kolkata,Banglore,07:10:00,12:40:00,330,1.0,No Info,4864
Goair,2019-03-03,Banglore,New Delhi,15:45:00,20:15:00,270,1.0,No Info,8352
Spicejet,2019-06-24,Banglore,Delhi,05:55:00,08:35:00,160,0.0,No Info,3625
Air India,2019-03-27,Delhi,Cochin,13:05:00,07:40:00,1115,2.0,No Info,8875
Vistara,2019-03-03,Delhi,Cochin,06:00:00,09:10:00,190,0.0,No Info,8001
Spicejet,2019-03-15,Kolkata,Banglore,17:15:00,19:45:00,150,0.0,No check-in baggage included,3815
Jet Airways,2019-06-03,Delhi,Cochin,19:30:00,04:25:00,535,2.0,In-flight meal not included,10368
Jet Airways,2019-05-12,Kolkata,Banglore,20:00:00,16:20:00,1220,1.0,In-flight meal not included,10844
Air India,2019-05-15,Kolkata,Banglore,19:00:00,11:05:00,965,1.0,No Info,6117
Jet Airways,2019-05-01,Mumbai,Hyderabad,02:55:00,04:20:00,85,0.0,In-flight meal not included,3210
Air India,2019-05-15,Kolkata,Banglore,10:00:00,13:45:00,1665,2.0,No Info,16057
Multiple Carriers,2019-06-09,Delhi,Cochin,17:50:00,01:30:00,460,2.0,No Info,18485
Indigo,2019-05-12,Mumbai,Hyderabad,12:00:00,13:30:00,90,0.0,No Info,2754
Air India,2019-05-21,Mumbai,Hyderabad,15:00:00,16:25:00,85,0.0,No Info,3100
Spicejet,2019-05-01,Kolkata,Banglore,06:55:00,09:30:00,155,0.0,No check-in baggage included,3841
Multiple Carriers,2019-06-01,Delhi,Cochin,10:00:00,01:30:00,930,1.0,No Info,7198
Jet Airways,2019-05-09,Kolkata,Banglore,20:25:00,10:55:00,870,1.0,In-flight meal not included,8066
Jet Airways,2019-05-15,Banglore,Delhi,07:10:00,10:10:00,180,0.0,In-flight meal not included,5198
Multiple Carriers,2019-06-09,Delhi,Cochin,02:15:00,11:30:00,555,1.0,No Info,13587
Vistara,2019-04-15,Delhi,Cochin,14:40:00,17:50:00,190,0.0,No Info,6216
Jet Airways,2019-05-09,Kolkata,Banglore,06:30:00,04:40:00,1330,1.0,No Info,13941
Jet Airways,2019-04-01,Kolkata,Banglore,06:30:00,18:15:00,705,1.0,No Info,12681
Indigo,2019-03-09,Banglore,New Delhi,08:30:00,11:30:00,180,0.0,No Info,7648
Air India,2019-05-09,Delhi,Cochin,12:00:00,19:15:00,435,2.0,No Info,8918
Jet Airways,2019-06-12,Kolkata,Banglore,16:30:00,12:00:00,1170,1.0,No Info,13044
Jet Airways,2019-05-18,Kolkata,Banglore,08:25:00,16:20:00,475,1.0,No Info,14781
Indigo,2019-06-15,Delhi,Cochin,05:05:00,16:10:00,665,1.0,No Info,6818
Jet Airways,2019-03-01,Banglore,New Delhi,22:50:00,21:20:00,1350,1.0,No Info,25735
Air India,2019-03-06,Mumbai,Hyderabad,13:30:00,16:55:00,205,2.0,No Info,18797
Spicejet,2019-06-15,Mumbai,Hyderabad,13:15:00,14:45:00,90,0.0,No Info,2017
Jet Airways,2019-06-21,Banglore,Delhi,08:20:00,11:20:00,180,0.0,No Info,8016
Air India,2019-04-12,Banglore,Delhi,10:00:00,12:45:00,165,0.0,No Info,5911
Vistara,2019-05-03,Chennai,Kolkata,17:45:00,20:05:00,140,0.0,No Info,11982
Multiple Carriers,2019-05-18,Delhi,Cochin,08:45:00,19:15:00,630,1.0,No Info,8476
Jet Airways,2019-05-06,Kolkata,Banglore,21:10:00,08:15:00,665,1.0,In-flight meal not included,7757
Multiple Carriers,2019-06-27,Delhi,Cochin,06:00:00,21:00:00,900,1.0,In-flight meal not included,6007
Air India,2019-05-15,Kolkata,Banglore,09:10:00,04:40:00,1170,2.0,No Info,6117
Jet Airways,2019-03-01,Banglore,New Delhi,05:45:00,11:25:00,340,1.0,Business class,79512
Vistara,2019-05-01,Kolkata,Banglore,20:20:00,10:45:00,865,1.0,No Info,9187
Air India,2019-05-12,Kolkata,Banglore,09:25:00,11:10:00,1545,1.0,No Info,8891
Vistara,2019-04-18,Delhi,Cochin,14:40:00,17:50:00,190,0.0,No Info,6216
Multiple Carriers,2019-06-03,Delhi,Cochin,16:00:00,01:30:00,570,1.0,No Info,13377
Jet Airways,2019-05-12,Kolkata,Banglore,20:25:00,18:00:00,1295,1.0,No Info,14151
Jet Airways,2019-05-12,Kolkata,Banglore,18:55:00,09:20:00,865,1.0,No Info,14388
Air India,2019-05-01,Kolkata,Banglore,05:50:00,20:25:00,875,2.0,No Info,10991
Jet Airways,2019-03-06,Delhi,Cochin,13:55:00,04:25:00,870,1.0,In-flight meal not included,13843
Goair,2019-03-15,Banglore,New Delhi,15:45:00,20:15:00,270,1.0,No Info,7657
Jet Airways,2019-06-03,Delhi,Cochin,10:00:00,04:25:00,1105,1.0,In-flight meal not included,11627
Indigo,2019-05-09,Mumbai,Hyderabad,12:00:00,13:30:00,90,0.0,No Info,4392
Spicejet,2019-05-27,Mumbai,Hyderabad,22:45:00,00:15:00,90,0.0,No check-in baggage included,1965
Indigo,2019-03-21,Delhi,Cochin,08:35:00,22:20:00,825,1.0,No Info,6790
Vistara,2019-05-09,Banglore,Delhi,07:00:00,09:40:00,160,0.0,No Info,4668
Air India,2019-05-18,Banglore,Delhi,10:00:00,12:45:00,165,0.0,No Info,6961
Jet Airways,2019-06-09,Delhi,Cochin,14:00:00,19:00:00,300,1.0,No Info,14714
Jet Airways,2019-06-12,Banglore,Delhi,06:00:00,08:45:00,165,0.0,No Info,8016
Air India,2019-04-18,Kolkata,Banglore,14:15:00,16:45:00,150,0.0,No Info,5510
Jet Airways,2019-03-18,Banglore,New Delhi,05:45:00,10:45:00,300,1.0,No Info,12284
Jet Airways,2019-05-12,Kolkata,Banglore,09:35:00,14:25:00,1730,1.0,No Info,13067
Jet Airways,2019-05-18,Kolkata,Banglore,14:05:00,10:05:00,1200,1.0,No Info,14388
Jet Airways,2019-06-03,Mumbai,Hyderabad,19:35:00,21:05:00,90,0.0,In-flight meal not included,3210
Jet Airways,2019-03-18,Banglore,New Delhi,07:00:00,13:15:00,375,1.0,No Info,12284
Jet Airways,2019-05-09,Delhi,Cochin,15:00:00,12:35:00,1295,1.0,In-flight meal not included,12373
Jet Airways,2019-03-21,Delhi,Cochin,05:30:00,04:25:00,1375,2.0,No Info,12647
Jet Airways,2019-05-09,Delhi,Cochin,18:15:00,12:35:00,1100,1.0,In-flight meal not included,12373
Multiple Carriers,2019-06-12,Delhi,Cochin,04:55:00,12:35:00,460,1.0,No Info,10678
Jet Airways,2019-03-09,Delhi,Cochin,17:25:00,18:50:00,1525,1.0,No Info,16289
Indigo,2019-06-01,Delhi,Cochin,11:55:00,22:30:00,635,1.0,No Info,6674
Air India,2019-06-15,Delhi,Cochin,21:00:00,07:40:00,640,1.0,No Info,8372
Spicejet,2019-04-06,Kolkata,Banglore,09:00:00,11:25:00,145,0.0,No check-in baggage included,3841
Jet Airways,2019-06-09,Kolkata,Banglore,18:55:00,12:00:00,1025,1.0,No Info,14571
Jet Airways,2019-03-12,Banglore,New Delhi,22:55:00,09:30:00,635,1.0,No Info,13817
Air India,2019-03-15,Banglore,New Delhi,06:10:00,08:55:00,165,0.0,No Info,7276
Air India,2019-06-12,Delhi,Cochin,06:50:00,07:40:00,1490,2.0,No Info,13381
Air India,2019-06-27,Delhi,Cochin,13:15:00,09:25:00,1210,2.0,No Info,8839
Indigo,2019-03-03,Banglore,New Delhi,05:25:00,10:10:00,285,1.0,No Info,7774
Jet Airways,2019-03-15,Banglore,New Delhi,08:00:00,13:15:00,315,1.0,In-flight meal not included,9134
Multiple Carriers,2019-06-09,Delhi,Cochin,19:00:00,01:30:00,390,1.0,No Info,7530
Jet Airways,2019-04-01,Kolkata,Banglore,16:30:00,23:35:00,425,1.0,In-flight meal not included,7064
Spicejet,2019-03-21,Mumbai,Hyderabad,22:45:00,00:10:00,85,0.0,No Info,1759
Jet Airways,2019-05-24,Banglore,Delhi,18:55:00,22:00:00,185,0.0,In-flight meal not included,6144
Multiple Carriers,2019-06-27,Delhi,Cochin,12:50:00,21:00:00,490,1.0,In-flight meal not included,6007
Multiple Carriers,2019-06-27,Delhi,Cochin,11:25:00,19:15:00,470,1.0,No Info,7155
Air India,2019-04-01,Kolkata,Banglore,20:30:00,23:15:00,1605,1.0,No Info,7211
Spicejet,2019-06-21,Chennai,Kolkata,17:45:00,20:05:00,140,0.0,No Info,3597
Goair,2019-04-03,Delhi,Cochin,07:00:00,12:55:00,355,1.0,No Info,4725
Indigo,2019-03-06,Delhi,Cochin,11:30:00,21:00:00,570,1.0,No Info,14871
Jet Airways,2019-03-03,Delhi,Cochin,05:25:00,04:25:00,2820,2.0,No Info,20064
Jet Airways,2019-05-21,Kolkata,Banglore,06:30:00,16:20:00,590,1.0,No Info,14781
Jet Airways,2019-04-01,Kolkata,Banglore,18:55:00,19:50:00,1495,1.0,In-flight meal not included,7064
Air India,2019-04-18,Banglore,Delhi,06:10:00,08:55:00,165,0.0,No Info,5228
Goair,2019-03-15,Banglore,New Delhi,07:45:00,10:40:00,175,0.0,No Info,5706
Indigo,2019-05-21,Chennai,Kolkata,13:15:00,15:35:00,140,0.0,No Info,3597
Jet Airways,2019-03-18,Banglore,New Delhi,22:50:00,20:20:00,1290,1.0,In-flight meal not included,11087
Air Asia,2019-05-27,Delhi,Cochin,07:55:00,22:25:00,870,1.0,No Info,6152
Vistara,2019-06-06,Chennai,Kolkata,17:45:00,20:05:00,140,0.0,No Info,11982
Indigo,2019-03-06,Mumbai,Hyderabad,02:30:00,04:00:00,90,0.0,No Info,3175
Indigo,2019-04-12,Kolkata,Banglore,17:15:00,19:50:00,155,0.0,No Info,4174
Indigo,2019-06-15,Delhi,Cochin,07:15:00,12:30:00,315,1.0,No Info,6582
Indigo,2019-03-21,Chennai,Kolkata,05:15:00,07:35:00,140,0.0,No Info,4326
Jet Airways,2019-05-01,Kolkata,Banglore,08:25:00,16:20:00,475,1.0,In-flight meal not included,10844
Multiple Carriers,2019-05-09,Delhi,Cochin,11:40:00,19:15:00,455,1.0,No Info,8266
Multiple Carriers,2019-06-01,Delhi,Cochin,15:00:00,01:30:00,630,1.0,No Info,13377
Vistara,2019-03-06,Mumbai,Hyderabad,20:55:00,22:55:00,1560,1.0,No Info,12395
Air India,2019-06-12,Delhi,Cochin,05:10:00,08:00:00,170,0.0,No Info,5201
Jet Airways,2019-03-21,Banglore,New Delhi,08:00:00,20:20:00,740,1.0,In-flight meal not included,7832
Air Asia,2019-05-03,Banglore,Delhi,04:55:00,07:45:00,170,0.0,No Info,6181
Multiple Carriers,2019-03-27,Delhi,Cochin,07:10:00,22:20:00,910,1.0,No Info,6145
Multiple Carriers,2019-05-21,Delhi,Cochin,18:15:00,01:30:00,435,1.0,No Info,14067
Air India,2019-04-01,Kolkata,Banglore,09:50:00,23:15:00,805,2.0,No Info,12125
Jet Airways,2019-06-27,Mumbai,Hyderabad,10:20:00,11:50:00,90,0.0,In-flight meal not included,4995
Multiple Carriers,2019-03-01,Delhi,Cochin,12:50:00,19:15:00,385,1.0,No Info,36983
Jet Airways,2019-05-06,Kolkata,Banglore,20:25:00,18:00:00,1295,1.0,In-flight meal not included,9314
Indigo,2019-04-12,Banglore,Delhi,06:05:00,08:50:00,165,0.0,No Info,4990
Spicejet,2019-05-21,Banglore,Delhi,05:55:00,08:35:00,160,0.0,No Info,3311
Jet Airways,2019-03-27,Delhi,Cochin,17:30:00,19:45:00,1575,1.0,In-flight meal not included,5406
Air India,2019-03-21,Delhi,Cochin,19:00:00,19:15:00,1455,1.0,No Info,6587
Jet Airways,2019-06-03,Delhi,Cochin,19:45:00,12:35:00,1010,1.0,In-flight meal not included,10262
Spicejet,2019-04-24,Delhi,Cochin,17:55:00,22:50:00,295,1.0,No Info,4957
Air India,2019-06-24,Delhi,Cochin,12:00:00,07:40:00,1180,2.0,No Info,9548
Multiple Carriers,2019-03-06,Delhi,Cochin,13:00:00,21:00:00,480,1.0,In-flight meal not included,15136
Jet Airways,2019-03-21,Delhi,Cochin,19:15:00,04:25:00,550,1.0,No Info,12557
Indigo,2019-05-18,Kolkata,Banglore,19:20:00,23:45:00,265,1.0,No Info,3717
Air India,2019-06-27,Delhi,Cochin,06:50:00,07:40:00,1490,2.0,No Info,14431
Air Asia,2019-05-12,Kolkata,Banglore,07:35:00,19:25:00,710,1.0,No Info,5320
Indigo,2019-03-15,Chennai,Kolkata,19:35:00,21:55:00,140,0.0,No Info,6297
Multiple Carriers,2019-06-01,Delhi,Cochin,08:45:00,19:15:00,630,1.0,No Info,10261
Indigo,2019-05-21,Delhi,Cochin,09:15:00,01:30:00,975,1.0,No Info,7318
Jet Airways,2019-03-12,Banglore,New Delhi,21:25:00,12:25:00,900,1.0,No Info,13817
Air India,2019-03-01,Banglore,New Delhi,22:00:00,13:20:00,920,1.0,No Info,21130
Jet Airways,2019-05-18,Delhi,Cochin,22:50:00,04:25:00,335,1.0,No Info,15554
Jet Airways,2019-06-24,Delhi,Cochin,05:30:00,12:35:00,425,2.0,No Info,14441
Air India,2019-06-09,Kolkata,Banglore,12:00:00,13:15:00,1515,1.0,No Info,7662
Jet Airways,2019-03-27,Delhi,Cochin,20:50:00,19:45:00,1375,1.0,No Info,12032
Jet Airways,2019-03-24,Kolkata,Banglore,08:25:00,04:45:00,1220,1.0,No Info,13759
Indigo,2019-03-21,Delhi,Cochin,07:35:00,22:20:00,885,1.0,No Info,6558
Jet Airways,2019-06-24,Delhi,Cochin,16:00:00,12:35:00,1235,1.0,In-flight meal not included,10262
Jet Airways,2019-03-06,Mumbai,Hyderabad,07:10:00,08:35:00,85,0.0,No Info,9536
Vistara,2019-05-06,Kolkata,Banglore,20:20:00,22:40:00,1580,1.0,No Info,8452
Indigo,2019-06-21,Chennai,Kolkata,11:35:00,14:00:00,145,0.0,No Info,3858
Indigo,2019-06-01,Delhi,Cochin,07:15:00,12:30:00,315,1.0,No Info,6582
Vistara,2019-06-12,Chennai,Kolkata,07:05:00,09:20:00,135,0.0,No Info,3687
Jet Airways,2019-06-06,Kolkata,Banglore,20:25:00,14:25:00,1080,1.0,In-flight meal not included,10539
Indigo,2019-06-15,Mumbai,Hyderabad,16:55:00,18:25:00,90,0.0,No Info,3175
Air India,2019-03-09,Banglore,New Delhi,06:50:00,12:15:00,325,1.0,No Info,5118
Air India,2019-03-06,Mumbai,Hyderabad,06:00:00,09:10:00,1630,2.0,No Info,13169
Vistara,2019-05-15,Kolkata,Banglore,20:20:00,10:45:00,865,1.0,No Info,8452
Vistara,2019-06-15,Banglore,Delhi,17:00:00,19:35:00,155,0.0,No Info,4878
Jet Airways,2019-06-15,Banglore,Delhi,06:00:00,08:45:00,165,0.0,In-flight meal not included,7229
Spicejet,2019-06-09,Kolkata,Banglore,17:10:00,19:40:00,150,0.0,No check-in baggage included,3841
Indigo,2019-05-03,Banglore,Delhi,23:30:00,02:20:00,170,0.0,No Info,4591
Jet Airways,2019-05-21,Delhi,Cochin,19:30:00,04:25:00,535,2.0,In-flight meal not included,13029
Indigo,2019-06-03,Banglore,Delhi,16:55:00,19:55:00,180,0.0,No Info,4823
Jet Airways,2019-03-01,Banglore,New Delhi,08:55:00,15:15:00,380,1.0,No Info,26890
Air India,2019-03-15,Banglore,New Delhi,21:10:00,23:55:00,165,0.0,No Info,8851
Jet Airways,2019-06-01,Delhi,Cochin,21:25:00,12:35:00,910,2.0,No Info,13292
Multiple Carriers,2019-05-18,Delhi,Cochin,08:00:00,19:00:00,660,1.0,No Info,10197
Spicejet,2019-06-24,Delhi,Cochin,06:05:00,11:20:00,315,1.0,No Info,5583
Jet Airways,2019-06-06,Delhi,Cochin,05:30:00,19:00:00,810,2.0,In-flight meal not included,11507
Multiple Carriers,2019-03-03,Delhi,Cochin,07:05:00,15:30:00,505,1.0,No Info,17057
Indigo,2019-03-03,Delhi,Cochin,14:30:00,17:35:00,185,0.0,No Info,7673
Air India,2019-05-21,Delhi,Cochin,17:20:00,09:25:00,965,1.0,No Info,7480
Jet Airways,2019-05-21,Kolkata,Banglore,21:10:00,08:15:00,665,1.0,In-flight meal not included,10844
Spicejet,2019-04-03,Mumbai,Hyderabad,22:45:00,00:15:00,90,0.0,No Info,1759
Jet Airways,2019-03-01,Banglore,New Delhi,08:55:00,05:05:00,1210,1.0,1 Long layover,26890
Air India,2019-05-15,Delhi,Cochin,03:50:00,19:15:00,925,1.0,No Info,8669
Indigo,2019-05-09,Banglore,Delhi,10:10:00,13:00:00,170,0.0,No Info,3943
Air India,2019-03-21,Delhi,Cochin,09:45:00,09:25:00,1420,1.0,No Info,7532
Indigo,2019-05-18,Kolkata,Banglore,17:15:00,19:50:00,155,0.0,No Info,4804
Jet Airways,2019-03-27,Delhi,Cochin,21:50:00,04:25:00,395,1.0,In-flight meal not included,6017
Jet Airways,2019-05-12,Kolkata,Banglore,16:30:00,16:20:00,1430,1.0,In-flight meal not included,10844
Indigo,2019-06-06,Kolkata,Banglore,21:00:00,02:15:00,315,1.0,No Info,6711
Multiple Carriers,2019-06-15,Delhi,Cochin,04:55:00,12:35:00,460,1.0,No Info,10678
Air Asia,2019-04-12,Kolkata,Banglore,22:50:00,01:20:00,150,0.0,No Info,4409
Spicejet,2019-03-03,Kolkata,Banglore,17:15:00,19:45:00,150,0.0,No Info,6251
Jet Airways,2019-05-18,Kolkata,Banglore,14:05:00,16:20:00,1575,1.0,In-flight meal not included,10844
Jet Airways,2019-04-01,Kolkata,Banglore,18:55:00,23:35:00,1720,1.0,In-flight meal not included,7064
Indigo,2019-05-06,Mumbai,Hyderabad,02:35:00,04:05:00,90,0.0,No Info,3342
